SnappedTime,Avg Right X,Avg Right Y,Avg Left X,Avg Left Y
0.0,637.2577,518.7648,634.5868666666667,547.8741
20.0,636.8465,518.7241333333334,634.1207666666667,549.0853999999999
40.0,636.7631,517.6343,633.6236333333333,548.6475666666666
60.0,636.7969666666667,519.1919333333334,633.0695999999999,548.3273333333333
80.0,636.9978333333333,518.4165333333334,632.2096666666666,547.0301333333333
100.0,637.3564666666667,517.8855333333333,632.3429,547.2867666666666
120.0,637.6906,519.1090666666666,631.1541333333333,548.3071
140.0,637.8163333333333,519.5535333333333,631.4697666666667,550.0200333333333
160.0,636.5888666666666,518.9480666666667,629.7854333333333,549.0686333333333
180.0,626.2726666666666,514.1803,603.2986999999999,543.4834666666667
200.0,599.1992,510.3459666666667,591.1056666666667,536.0187000000001
220.0,597.4860333333334,506.9175666666667,592.4026666666666,535.5720666666666
240.0,599.3387,505.0432333333333,591.4303,534.4078666666667
260.0,559.85275,481.105225,527.5917,482.6029
280.0,586.6294,478.600775,555.2487249999999,485.82302500000003
300.0,604.91435,477.8631,579.550725,488.68174999999997
320.0,607.6649,480.66435,585.857875,493.787075
340.0,593.746675,481.414125,576.5270499999999,496.5059
360.0,481.915,380.16785,579.86515,497.276025
380.0,587.9159,479.88734999999997,579.410425,498.9738
400.0,586.35995,480.883025,578.891325,498.75165
420.0,585.905325,481.6234,579.70355,501.736675
440.0,585.0489,482.35105,579.019375,503.70615
460.0,585.7825250000001,482.4333,582.654675,509.750275
480.0,583.9412,481.777575,581.54445,509.7182
500.0,548.998625,486.528325,544.10135,517.28
520.0,523.95035,487.21355,535.252075,518.7193
540.0,529.16305,490.3809,538.5292,521.09365
560.0,499.4163,489.60822499999995,509.076375,522.771
580.0,551.51535,488.705575,561.235325,524.558525
600.0,595.347675,488.9875,613.106975,526.682625
620.0,614.1793,489.50025,627.1433,526.117925
640.0,614.085,490.713275,626.84825,525.7298499999999
660.0,613.2128250000001,489.28585,630.474375,525.20175
680.0,614.044275,490.315775,630.73395,522.898175
700.0,613.42335,490.62260000000003,630.0855,523.6676
720.0,613.23175,486.73655,631.1713,518.9158500000001
740.0,547.073075,389.9566,556.486525,416.981875
760.0,616.8679500000001,478.1997,633.260175,510.0844
780.0,617.0935,476.15525,634.569575,507.6391
800.0,618.016025,476.667425,634.822675,506.1322
820.0,617.317325,477.55882499999996,634.7427250000001,506.78305
840.0,618.85355,476.10485,634.5251,505.49995
860.0,618.8512,489.01615,633.76975,519.234375
880.0,616.590625,488.80525,633.08165,521.2627
900.0,618.556275,492.055575,632.68885,522.719975
920.0,618.5822000000001,493.5735,630.830325,523.43455
940.0,607.322075,493.69815,616.94935,522.933025
960.0,600.341375,495.885025,612.8272,525.598125
980.0,599.1524000000001,497.26265,613.059625,526.43695
1000.0,597.186125,497.115325,611.977675,526.9463000000001
1020.0,597.721775,498.2528,612.958975,526.07515
1040.0,598.73405,515.431525,610.935475,546.335
1060.0,597.767125,519.6148000000001,610.650425,548.6235
1080.0,521.594375,520.019575,531.78435,547.00905
1100.0,474.206425,521.276375,489.206025,547.777
1120.0,472.37717499999997,520.59215,485.295125,548.8165750000001
1140.0,471.367675,518.831875,483.620425,546.796375
1160.0,471.32005,516.8778,482.88135,546.417875
1180.0,470.38712499999997,516.562075,482.198825,543.8800249999999
1200.0,466.21805,515.981225,477.1662,542.42905
1220.0,435.17203333333333,452.33476666666667,445.33633333333336,469.34
1240.0,374.9758,450.0133,385.11343333333326,464.1713333333334
1260.0,334.3514,446.79929999999996,341.2676333333333,456.9726
1280.0,317.5782,441.1405,335.79466666666667,454.21093333333334
1300.0,234.63806666666665,324.66710000000006,246.96573333333333,334.73929999999996
1320.0,284.7076666666667,435.27836666666667,302.7094666666667,450.3370333333334
1340.0,283.37833333333333,433.58050000000003,301.1998,448.4083333333333
1360.0,280.3711666666666,430.3994666666667,297.94733333333335,449.11370000000005
1380.0,278.8335333333333,426.01096666666666,295.59683333333334,449.3754333333333
1400.0,453.73795,492.8383,455.38175,523.2781
1420.0,447.58074999999997,491.038125,456.029275,521.47635
1440.0,493.4187,490.0483,488.6213,519.14705
1460.0,555.8991,488.758475,537.968375,517.360825
1480.0,612.60625,491.5387,597.658025,517.096475
1500.0,633.090025,493.7786,626.475175,517.0518999999999
1520.0,713.0138,494.01644999999996,697.0501999999999,516.5409500000001
1540.0,768.197625,495.263625,755.670075,516.892575
1560.0,775.615225,496.5964,759.1723,517.1273
1580.0,776.85865,499.18837499999995,761.58575,517.04825
1600.0,777.6034500000001,499.20465,761.27255,517.4857
1620.0,779.03775,499.96925,762.2157,517.518375
1640.0,780.130725,456.06565,767.01915,487.195525
1660.0,783.741,447.10517500000003,771.772025,472.309575
1680.0,785.1596999999999,445.165725,778.73625,470.564125
1700.0,784.6287,445.2886,777.252125,470.877825
1720.0,785.233975,442.935225,777.091175,469.79712500000005
1740.0,785.26575,442.0315,778.77475,468.9338
1760.0,783.527075,439.9045,776.3695749999999,467.94302500000003
1780.0,775.4708499999999,439.766625,774.1076,468.653625
1800.0,771.62785,439.663,773.489125,469.352375
1820.0,771.00275,440.20414999999997,772.1347,469.860375
1840.0,759.3396749999999,439.182325,760.3628,471.66025
1860.0,700.4727,436.347575,689.2649,469.96097499999996
1880.0,640.4311250000001,432.799225,646.663325,466.841725
1900.0,635.751325,433.779575,642.4942000000001,467.9824
1920.0,634.764325,434.444325,643.016175,466.9418
1940.0,633.25185,434.25055,641.4996,465.3112
1960.0,632.8803499999999,432.9624,639.74745,463.77795
1980.0,632.0416250000001,432.496175,638.0795499999999,462.6109
2000.0,631.073675,431.5795,638.32525,461.68535
2020.0,633.669275,431.57205,637.445425,460.4725
2040.0,603.048275,433.662825,607.7968000000001,460.6931
2060.0,538.2454749999999,457.720325,546.10645,486.434975
2080.0,511.140175,459.92094999999995,511.222075,486.124775
2100.0,510.508175,460.984375,511.246625,484.43525
2120.0,510.715075,459.3571,512.195225,476.485175
2140.0,510.8912,441.48202499999996,512.4109,461.726125
2160.0,510.196725,444.11062499999997,509.58912499999997,464.03954999999996
2180.0,588.3807333333333,448.67833333333334,583.9058333333334,481.73720000000003
2200.0,588.1194999999999,447.87639999999993,583.1264666666667,482.01133333333337
2220.0,588.1108333333333,448.4176666666667,582.7228666666666,483.2464
2240.0,588.3048,448.96206666666666,582.6256999999999,481.75443333333334
2260.0,587.4978666666667,450.0417666666667,582.276,490.31513333333334
2280.0,585.2366666666667,489.83500000000004,580.6997,533.7397666666667
2300.0,583.1223666666666,527.8196333333334,578.7193,567.3328333333334
2320.0,581.4133,553.6944,576.3852,580.1881
2340.0,580.6442000000001,553.4120666666666,574.4514,584.3433
2360.0,579.0539666666667,554.8248333333332,571.5394666666667,587.5748666666667
2380.0,568.7694666666666,536.0760333333334,536.2012666666667,569.0167333333334
2400.0,550.4982666666666,509.5486333333333,533.2044333333333,541.9826666666667
2420.0,547.3567,512.9260333333333,531.0299,544.8838666666667
2440.0,544.1137,510.7326666666666,528.3825333333333,543.8512999999999
2460.0,543.0440333333333,509.35566666666665,527.4532666666668,542.2929333333333
2480.0,534.2312000000001,435.16383333333334,519.7483,467.8812666666667
2500.0,531.4863,434.16353333333336,518.9059333333333,468.7465
2520.0,528.2770333333333,433.33683333333335,514.9691666666666,465.2006666666667
2540.0,528.8831333333334,434.8255666666667,514.5715333333334,464.90976666666666
2560.0,525.6439666666666,434.4433666666667,512.5226666666666,464.52666666666664
2580.0,524.9417333333333,434.22700000000003,511.21033333333327,464.36696666666666
2600.0,521.9172666666667,434.2226,511.97666666666663,465.1105
2620.0,522.6764,433.73453333333333,510.90973333333335,464.912
2640.0,519.1879333333333,430.98313333333334,509.4953,462.78369999999995
2660.0,518.2633999999999,428.2881,507.6706666666667,460.7906
2680.0,517.6472,430.35159999999996,507.6363666666666,459.6529666666667
2700.0,448.4059,435.1641666666667,420.7306333333333,459.6456333333333
2720.0,381.22059999999993,438.07806666666664,360.01296666666667,462.5724
2740.0,338.1486,442.1055666666666,338.0740333333334,467.9532
2760.0,342.33736666666664,447.0325,337.19593333333336,471.3237
2780.0,340.0722333333333,446.61173333333335,335.1896,473.8394
2800.0,395.8033666666667,446.6827,389.5290333333333,474.23409999999996
2820.0,492.22946666666667,447.6619,478.61359999999996,473.0425333333333
2840.0,556.8186333333334,449.4855,549.4018,474.0906
2860.0,555.1042666666667,450.28929999999997,545.5963333333333,475.7348
2880.0,553.5274333333333,451.5952333333333,547.7032,476.9010333333333
2900.0,552.9735,451.9526333333333,548.6272333333333,477.1416666666667
2920.0,552.7837666666667,452.3378666666667,550.3455666666667,476.762
2940.0,551.5615333333334,452.44699999999995,550.7693666666667,476.91276666666664
2960.0,551.4603666666667,452.4409,550.9979333333334,476.6592333333333
2980.0,576.996,457.4255333333333,560.125,478.3498
3000.0,648.8477333333334,503.64450000000005,633.7120333333334,520.7932
3020.0,705.6881,510.62176666666664,699.5829333333332,536.3708666666666
3040.0,720.1050333333333,539.7285,736.7247666666667,563.0567
3060.0,723.5901666666667,601.9134333333333,740.2524666666667,608.6111666666667
3080.0,723.9167000000001,596.3670666666667,738.8011666666666,605.341
3100.0,723.0625999999999,592.2793,737.5932666666666,604.9978333333333
3120.0,723.1465666666667,588.6651,738.6702,606.5302
3140.0,722.5424666666667,591.4607666666667,738.6124666666666,607.0367
3160.0,723.3959666666666,591.7620666666667,738.5506,607.8691666666667
3180.0,723.1678666666667,592.1830333333334,738.7852666666666,607.7593666666667
3200.0,723.6777666666667,593.2638666666667,737.6633666666667,607.8890333333334
3220.0,724.9063,590.4038333333333,738.3703666666667,608.1553666666667
3240.0,725.7624333333333,590.9557,738.6699,607.4037
3260.0,726.7104333333333,590.7257666666667,738.1265333333334,608.6651
3280.0,727.4033333333333,591.1643333333333,738.3097666666666,609.5491000000001
3300.0,729.5633333333334,591.8379,738.0074666666666,610.6583666666667
3320.0,730.1048,591.3853666666668,737.4238666666666,610.2630666666666
3340.0,730.7754666666666,592.1423333333333,737.1515333333333,611.2497
3360.0,730.6943333333334,592.1404666666666,736.9856333333332,611.3676333333334
3380.0,733.8978333333333,581.4980333333333,735.4744000000001,604.3112
3400.0,763.8095,484.1517666666667,763.3917666666666,508.65726666666666
3420.0,721.82245,486.578525,730.3481,502.781525
3440.0,722.7724000000001,484.92517499999997,731.679725,501.07462499999997
3460.0,722.393075,484.8041,731.49065,498.861475
3480.0,722.357075,483.4253,730.53685,499.8303
3500.0,721.126075,480.75865,730.3385,498.5247
3520.0,718.214925,478.92652499999997,726.4060499999999,496.556625
3540.0,651.136075,476.53345,655.45195,494.5255
3560.0,605.0959750000001,477.45435,612.340725,494.13865000000004
3580.0,596.264725,476.611575,603.82595,493.69235000000003
3600.0,594.818725,474.405,603.1264,490.73705
3620.0,593.3039,474.116325,602.69925,492.27434999999997
3640.0,593.344975,473.652,603.1795500000001,492.0106
3660.0,649.814175,504.86725,653.913825,518.054975
3680.0,668.90245,518.7012,679.808625,533.279275
3700.0,669.962,518.668075,680.2754,534.3405
3720.0,646.3522750000001,517.255675,647.48125,532.21695
3740.0,611.0506,462.6643,609.4763,477.91657499999997
3760.0,574.56515,435.9176,577.936775,456.97044999999997
3780.0,551.681925,432.057225,558.2424,455.93539999999996
3800.0,570.8483,428.31602499999997,575.0446,450.34735
3820.0,568.704075,427.01065,575.75605,449.31032500000003
3840.0,570.3815,425.772375,577.659275,448.7815
3860.0,570.845325,424.966975,576.965175,448.5742
3880.0,571.3809,425.418275,576.4839999999999,447.019025
3900.0,573.26365,421.963275,579.75825,447.060275
3920.0,572.894975,420.545875,580.2384,445.9665
3940.0,575.74545,427.59592499999997,582.7049,459.975775
3960.0,643.976975,426.59515,646.6366,455.844575
3980.0,676.734575,427.59549999999996,686.687675,457.624375
4000.0,680.482225,424.83855,687.43785,454.59775
4020.0,682.864725,424.697925,689.64135,453.458125
4040.0,684.07995,424.35675,691.5373999999999,451.316375
4060.0,684.151625,423.7392,691.8746,449.575875
4080.0,684.934625,423.042825,692.26125,448.77497500000004
4100.0,686.13915,423.62405,693.9087,446.515125
4120.0,722.02135,426.99834999999996,719.2525,445.6386
4140.0,764.5798,424.9674,755.5828750000001,445.10365
4160.0,733.6494333333334,333.0016,732.4910333333333,364.5783666666667
4180.0,734.2697666666667,334.3769,730.4180666666666,363.8786333333333
4200.0,733.1793666666667,323.18576666666667,731.3505,355.38329999999996
4220.0,731.3951000000001,319.48926666666665,730.6024333333334,357.17896666666667
4240.0,731.4676,317.5332333333333,731.8734333333333,352.41453333333334
4260.0,731.7616333333334,318.2866333333333,731.1284,351.8258333333333
4280.0,626.5651250000001,351.797875,626.601375,371.857575
4300.0,627.37695,345.50665,626.56515,358.51275
4320.0,626.741475,341.337425,628.123525,358.1148
4340.0,627.00855,340.16685,628.847525,359.0369
4360.0,626.79305,341.34505,628.999475,358.62085
4380.0,571.62965,340.978125,569.7364749999999,359.38215
4400.0,521.298,342.3028,521.705625,360.92935
4420.0,520.049675,342.757825,521.048375,361.82385
4440.0,517.814675,343.98345,520.55955,362.673575
4460.0,516.72195,345.301325,517.8167,363.89189999999996
4480.0,515.15615,352.91805,518.27295,369.7251
4500.0,512.685575,355.90637499999997,515.662375,371.684475
4520.0,510.388525,355.867725,514.698075,374.613175
4540.0,509.794125,358.5375,513.4422500000001,374.593275
4560.0,541.95895,359.316325,541.78435,375.23040000000003
4580.0,537.60215,359.739775,541.9843,376.28407500000003
4600.0,536.413775,359.341925,540.088625,377.1275
4620.0,536.59885,359.948075,540.049,377.75307499999997
4640.0,536.278125,360.458425,539.86015,378.076675
4660.0,535.704325,359.434925,539.380975,378.01345000000003
4680.0,536.36885,360.06105,539.31825,378.6106
4700.0,536.100925,364.99490000000003,537.4803999999999,382.67269999999996
4720.0,535.9420250000001,373.153625,537.249975,385.3088
4740.0,534.972,373.873525,535.439975,386.637375
4760.0,534.5204,376.018975,534.9915,391.57955
4780.0,531.072675,377.018075,530.419475,391.52729999999997
4800.0,525.784875,378.57557499999996,526.23885,392.70515
4820.0,522.300075,378.9301,524.843575,392.406225
4840.0,523.1164249999999,377.720725,523.1757,393.02272500000004
4860.0,521.920525,377.762375,522.157375,392.65265
4880.0,521.5952,377.99315,521.58555,392.853225
4900.0,520.28445,378.2133,521.54295,392.747075
4920.0,471.644275,381.97704999999996,454.74647500000003,408.690225
4940.0,391.71922500000005,420.76529999999997,391.626,439.74535000000003
4960.0,548.0633666666666,361.77473333333336,545.2669333333333,389.26140000000004
4980.0,547.6187333333334,361.3926666666666,544.6654666666667,389.11073333333337
5000.0,547.5201000000001,361.9932333333333,544.5749999999999,390.2709
5020.0,546.9973666666666,362.21496666666667,544.4397,390.65996666666666
5040.0,546.7017999999999,362.4768666666667,544.5878333333334,391.6713333333333
5060.0,546.4352666666667,361.90886666666665,544.5592333333333,391.77889999999996
5080.0,546.2803,360.8808333333333,544.7556000000001,392.09639999999996
5100.0,545.5874,361.0683666666667,544.1434,393.1375
5120.0,564.4514333333333,398.2366666666667,567.3232333333334,431.5976333333333
5140.0,575.9653666666667,400.6033,581.2937333333333,434.5297666666667
5160.0,582.1864,402.10266666666666,585.2144,435.6314666666667
5180.0,670.4793333333333,402.5536333333334,668.4032000000001,438.1913666666666
5200.0,768.1236333333333,403.6017,763.5244333333334,443.2075333333333
5220.0,761.2491,404.39376666666664,752.6998666666667,443.7109666666667
5240.0,726.5880666666667,404.1347333333334,719.6454,447.26563333333337
5260.0,719.5688333333334,404.8044,716.0568333333334,449.075
5280.0,719.1120333333333,403.92823333333337,717.1607,449.7431333333334
5300.0,719.0493,403.9501333333333,717.0747,450.79656666666665
5320.0,718.7365,404.8552333333334,716.3745333333333,450.27683333333334
5340.0,718.3088000000001,405.10830000000004,715.8991,451.2805333333334
5360.0,717.9771666666667,405.93263333333334,715.2154,451.8223
5380.0,718.0627000000001,405.56633333333326,716.4559333333333,450.56200000000007
5400.0,402.032,270.13806666666665,379.15779999999995,318.3397
5420.0,954.6,389.21115,956.8628,447.96925
5440.0,955.02685,389.10195,957.1098,447.3554
5460.0,954.55795,389.7066,958.0023,447.784
5480.0,955.21405,389.9353,957.0427999999999,448.24085
5500.0,944.16255,390.153,932.6140499999999,447.08615
5520.0,699.8277666666667,456.3169,683.1258666666666,502.4547333333333
5540.0,711.2155666666667,404.9928333333334,715.4778666666667,447.5517
5560.0,711.0143666666667,401.4716,713.8931333333334,443.1177333333333
5580.0,712.7161,402.7375,714.7750333333333,442.7255333333333
5600.0,716.2022333333333,402.6532666666667,714.0428,441.48656666666665
5620.0,715.2139999999999,400.6592333333333,715.7733333333332,440.42446666666666
5640.0,717.4360333333334,401.108,716.3079000000001,438.7247
5660.0,716.8937999999999,399.89363333333336,716.1967333333333,438.0289666666667
5680.0,717.9486666666667,400.6628,716.3948666666666,437.2699
5700.0,716.9373333333333,399.74593333333337,716.7932666666666,437.79479999999995
5720.0,718.6478999999999,439.11133333333333,719.3329666666667,478.5897333333333
5740.0,719.6210666666666,440.27646666666664,720.1172333333334,480.7347333333334
5760.0,720.3017333333333,444.02503333333334,721.3446,482.2357
5780.0,721.0084999999999,444.00786666666664,722.4479333333334,483.8322333333333
5800.0,720.8933000000001,444.0300333333333,723.6095666666666,483.97170000000006
5820.0,725.4062,446.2264333333333,726.7961666666666,485.6478333333334
5840.0,727.6741000000001,446.81406666666663,734.9295333333333,487.73053333333337
5860.0,730.9970333333334,447.5940666666666,732.9584666666666,489.3799666666667
5880.0,735.4479,448.56213333333335,739.5364,491.60846666666663
5900.0,739.4209333333333,450.2652666666666,740.4364666666667,490.9757333333334
5920.0,738.2779999999999,452.25796666666673,743.8457666666667,494.2103666666667
5940.0,738.6906666666667,452.6858666666667,744.7626333333334,495.0461
5960.0,739.6336333333334,453.97586666666666,746.0973,496.30559999999997
5980.0,740.4135,457.0714666666667,746.4345666666667,497.9143666666667
114320.0,630.7894,551.0146,663.1088,525.0208
114340.0,316.6645,277.31075,330.56605,261.5132
114360.0,421.0057,359.8012333333333,623.6661666666666,511.54043333333334
114380.0,657.91,490.478,623.9417666666667,511.69840000000005
114400.0,659.9245999999999,490.0469,623.3066,511.8048333333333
114420.0,423.18666666666667,360.9035666666667,622.8023666666667,511.72749999999996
114440.0,660.1865,488.97136666666665,624.3130333333334,511.4150666666667
114460.0,423.0795,360.16439999999994,622.7877666666667,510.52590000000004
114480.0,422.0213999999999,359.15183333333334,426.1843333333333,369.2727
114500.0,662.1342333333333,488.71340000000004,425.7845,369.00593333333336
114520.0,421.5296,358.96403333333336,623.1958666666666,510.41086666666666
114540.0,661.3796333333333,488.59666666666664,622.7456666666667,510.4663
114560.0,660.2388666666667,486.0058333333333,619.7091666666666,508.8821666666666
114580.0,601.4343666666667,486.0138,558.6216666666667,504.903
114600.0,347.0246666666667,355.5575666666667,354.1293,360.9878999999999
114620.0,589.0284333333333,483.39570000000003,550.1882333333333,501.97903333333335
114640.0,585.8122999999999,484.291,547.9882333333334,502.6044
114660.0,448.98235,500.02952500000004,396.304175,508.740775
114680.0,475.59585,497.9803,452.11,509.94902499999995
114700.0,515.33545,502.23519999999996,487.023375,523.3160250000001
114720.0,540.9934000000001,509.6548,519.583025,554.41435
114740.0,537.71435,515.60845,522.411675,554.190975
114760.0,437.674075,375.489525,523.8235,554.9417
114780.0,537.46675,524.209625,525.7837999999999,555.69025
114800.0,535.160525,525.96805,524.9715,555.8714
114820.0,536.837275,528.59675,525.805525,556.385025
114840.0,536.81455,531.0745,525.061975,556.0301
114860.0,537.707025,527.674625,524.104675,556.3921499999999
114880.0,593.064925,532.462675,578.682425,554.9058749999999
114900.0,638.1564,531.9877,627.970175,554.89355
114920.0,553.174625,387.11147500000004,632.092075,554.30395
114940.0,652.174375,534.010975,636.2500249999999,553.24995
114960.0,651.28655,532.662375,639.32535,550.1893
114980.0,622.2731,533.434,601.0952,551.02525
115000.0,614.65775,533.9353,597.459825,550.7893
115020.0,513.42195,388.185975,597.0251,551.0367249999999
115040.0,609.859525,533.809675,596.88105,549.985425
115060.0,610.373525,509.388625,597.400725,524.891525
115080.0,611.096025,510.66785,598.622075,525.05135
115100.0,610.10505,511.433625,598.5034499999999,525.519375
115120.0,610.0268,511.7644,598.1888250000001,524.8409750000001
115140.0,610.922575,512.36815,598.458725,524.622875
115160.0,611.050475,512.90965,598.669825,526.327
115180.0,610.740625,514.631275,598.635225,525.478325
115200.0,610.9263,514.0860250000001,598.93265,524.8621
115220.0,611.17195,513.7404,598.48755,524.460075
115240.0,612.268975,513.8967749999999,598.48685,523.9552249999999
115260.0,612.680625,512.0191,597.879625,523.22965
115280.0,613.628125,512.203825,597.7736,521.65175
115300.0,614.18855,511.747325,597.854375,522.14175
115320.0,590.999025,510.807075,597.469325,522.0849499999999
115340.0,610.1029,473.65815,589.4143,488.7708
115360.0,526.1293499999999,449.1271,510.58900000000006,477.225875
115380.0,474.961525,491.07515,468.71915,517.96405
115400.0,475.947425,529.521525,469.01445,556.71555
115420.0,474.55662500000005,531.339075,469.853125,559.0174
115440.0,472.55705,535.0413,468.957925,562.465125
115460.0,472.429175,533.7970250000001,471.15545,567.2846999999999
115480.0,471.042175,535.57725,470.71957499999996,568.0086
115500.0,470.249325,535.10495,472.069525,567.67075
115520.0,470.34625,536.1546,458.71555,566.311425
115540.0,470.165925,539.513525,458.3152,567.903225
115560.0,467.57715,575.2800500000001,453.122,607.5664
115580.0,467.203525,575.94245,451.23735,606.139175
115600.0,381.90042500000004,418.140575,449.068,605.3372999999999
115620.0,465.86060000000003,574.44305,450.3924,604.901025
115640.0,535.785875,574.46415,494.71145,602.7107
115660.0,159.30995000000001,353.42745,400.47495000000004,534.375625
115680.0,401.847875,509.77135,392.3192,530.007825
115700.0,258.611625,487.583075,395.9078,531.8771750000001
115720.0,157.281175,353.743025,506.95562500000005,612.969875
115740.0,256.435475,445.17755,508.605375,619.69195
115760.0,256.9149,440.949875,511.786975,621.82995
115780.0,505.900075,593.9895750000001,511.61782500000004,618.84755
115800.0,568.9953499999999,592.0912,568.600275,616.306725
115820.0,627.691375,591.787625,629.59475,617.2379000000001
115840.0,657.5135250000001,592.562975,662.71425,617.458725
115860.0,655.028775,592.5815,661.523225,616.957275
115880.0,654.386575,592.36085,660.408525,614.854725
115900.0,653.6396500000001,578.758475,658.858525,609.963575
115920.0,651.969,543.53945,657.556525,589.050375
115940.0,651.27295,562.273925,656.38535,586.713825
115960.0,397.69977500000005,381.67814999999996,654.9731,569.3245000000001
115980.0,648.810825,495.19304999999997,652.222525,518.09705
116000.0,647.322575,494.98895,651.353925,517.8587
116020.0,647.03855,493.082175,649.955025,515.194125
116040.0,392.98652500000003,334.226825,649.461275,514.0357750000001
116060.0,644.0654,491.91525,647.8623749999999,512.8804250000001
116080.0,643.6348250000001,490.45754999999997,647.180875,511.89255
116100.0,643.836175,489.959375,646.013425,511.3214
116120.0,642.8911499999999,489.54447500000003,645.525575,510.92089999999996
116140.0,643.062125,488.880425,645.186575,510.772525
116160.0,642.536525,487.47225000000003,644.5362749999999,509.94792499999994
116180.0,638.49415,485.20595000000003,635.89495,510.047425
116200.0,637.3776,485.057225,641.0889999999999,510.3917
116220.0,635.355975,483.31195,637.675925,510.783075
116240.0,566.794325,483.561675,549.7509,513.786525
116260.0,417.97769999999997,209.58080000000004,749.1877333333333,454.14916666666664
116280.0,757.1080000000001,415.4089000000001,747.7783,454.6965
116300.0,756.3494999999999,415.1407,747.4183666666667,454.3709333333333
116320.0,762.2097333333332,507.4935333333333,746.5396999999999,500.29686666666663
116340.0,685.1537333333332,506.33366666666666,659.9203333333334,504.2096333333334
116360.0,487.1313333333333,371.60373333333337,470.4322333333334,357.3385333333333
116380.0,623.6929333333334,512.5444,596.7938,510.12656666666663
116400.0,426.9622,461.1681,413.2818,432.16675
116420.0,426.7552,462.03285,413.47375,430.5065
116440.0,197.3851,206.05775,413.0892,431.3823
116460.0,426.2894,464.74025,412.793,431.64895
116480.0,426.70565,465.93489999999997,412.9316,432.03895
116500.0,427.50964999999997,468.0645,413.18505,432.97384999999997
116520.0,195.53335,204.62065,413.3251,433.98665
116540.0,195.63625,203.76995,411.87255,434.83025
116560.0,428.9677,469.97069999999997,410.7902,436.1925
116580.0,409.0364666666667,502.9119,371.6577666666667,500.29936666666663
116600.0,408.6746666666666,506.2501,273.4504,291.7396333333333
116620.0,252.60533333333333,333.738,372.52996666666667,501.5405666666666
116640.0,452.2139666666667,508.7071,411.6992333333333,511.23633333333333
116660.0,571.3621333333333,541.4173000000001,541.9418,577.5999333333333
116680.0,570.4231666666667,541.3024,456.34009999999995,367.5471333333333
116700.0,543.4812000000001,546.0900666666666,527.8980333333333,576.0339333333334
116720.0,520.8227,547.8586333333334,515.0875333333333,576.129
116740.0,520.6227,550.8924333333333,511.61373333333336,575.1102333333333
116760.0,521.3555333333334,552.4038,510.0116333333333,578.1365999999999
116780.0,522.3218,551.5126333333334,510.5123333333333,581.6500666666667
116800.0,398.57576666666665,362.8261333333333,509.5553333333334,582.1259666666666
116820.0,521.0271333333334,553.5709,507.94263333333333,583.7027333333334
116840.0,523.0387999999999,556.7072,507.7585000000001,583.6055333333333
116860.0,521.0998,557.0413,507.20936666666665,584.5989
116880.0,398.53763333333336,367.47846666666663,505.3451333333333,584.0006666666667
116900.0,522.6558666666666,559.0223666666667,505.0792666666666,584.3415333333334
116920.0,399.0345,367.0505,504.35473333333334,585.6346333333333
116940.0,522.2379999999999,559.6811666666666,504.4766,586.3974333333333
116960.0,399.0039,368.6241,504.1317666666667,586.8552333333333
116980.0,398.47450000000003,368.28999999999996,502.32553333333334,586.4645666666667
117000.0,522.5878666666666,559.7275,500.15916666666664,586.6987333333333
117020.0,520.5406,559.0436,498.26186666666666,587.5776999999999
117040.0,588.6774,551.4992500000001,609.05535,578.6489
117060.0,587.6907,551.5577000000001,607.06385,578.1534
117080.0,582.8766,551.31975,601.95315,579.6689
117100.0,582.03515,551.0895,600.64035,580.3701
117120.0,580.1237,551.0514000000001,597.97435,579.84785
117140.0,579.4069,550.53905,596.16545,579.13915
117160.0,579.0627499999999,551.9792,594.98195,578.6733
117180.0,590.7936,728.0651,626.7098,740.43315
117200.0,194.4119,439.525,172.9076,479.6831
117220.0,256.1064,444.3264,216.8711,478.268
117240.0,253.751,442.5813,234.4594,477.9473
117260.0,265.3526,443.0882,254.1426,476.4842
117280.0,276.9568,444.1333,261.724,475.3141
117300.0,279.8492,443.9745,258.4531,474.2328
117320.0,279.2167,443.4828,261.4065,475.2387
117340.0,281.2748,442.7705,262.0984,473.7773
117360.0,282.3242,441.913,257.6316,472.3896
117380.0,625.9757,770.7744,646.6831500000001,789.29215
117400.0,626.4449999999999,768.85985,646.76005,789.1183
117420.0,625.1291,766.73455,648.3841,788.58165
117440.0,615.63255,766.47275,639.5365499999999,789.78485
117460.0,606.29935,765.75545,635.89635,789.94145
117480.0,603.5862999999999,764.7916,634.45605,791.3191
117500.0,605.69905,765.9409,632.51675,790.98245
117520.0,602.20935,766.52055,632.2617499999999,790.884
117540.0,601.50625,766.5916,631.54255,791.32005
117560.0,599.86475,767.07445,628.94135,792.0498
117580.0,596.85655,767.6274999999999,627.8328,790.13545
117600.0,595.4676000000001,768.84395,626.85605,789.89725
117620.0,594.86365,769.1375499999999,627.01045,789.2593999999999
117640.0,595.08,769.4848,627.6265999999999,789.74155
117660.0,595.6713,769.1567,627.5125,788.3136499999999
117680.0,968.3558,1098.5021,1047.863,1104.7955
117700.0,966.2754,1097.1578,1046.4449,1104.138
117720.0,965.8188,1097.2975,1045.1196,1104.0763
117740.0,964.9064,1096.8867,1044.7405,1104.3781
117760.0,964.3435,1097.588,1043.0956,1106.6346
117780.0,964.741,1097.899,1043.9855,1107.7335
117800.0,965.4744,1098.3721,1042.5464,1108.5328
117820.0,966.0694,1097.2546,1041.9584,1109.8165
117840.0,592.0467,847.13635,605.2884,852.77055
117860.0,598.0345,769.46255,628.00955,792.5806
117880.0,609.2781,766.1852,633.9072,787.9408
117900.0,613.0417,767.551,639.0581999999999,789.42905
117920.0,614.67445,762.2993,641.84355,789.8367000000001
117940.0,615.2398499999999,764.1705,644.7171999999999,788.5181
117960.0,619.85555,766.3876499999999,646.14535,788.29845
117980.0,622.76705,766.4142999999999,648.98385,787.54545
118000.0,623.06355,763.9816000000001,126.51405,229.6412
118020.0,623.8515,766.23225,649.2475,787.6978
118040.0,624.77635,767.31605,649.87665,786.6705
118060.0,625.1650999999999,767.9611500000001,649.7220500000001,786.2376
118080.0,626.0714,768.5957500000001,648.8344500000001,785.0773
118100.0,620.98135,768.62815,644.0482000000001,783.6224500000001
118120.0,619.39045,768.90325,643.13745,784.48095
118140.0,616.7136,769.4011499999999,640.6148,785.2115
118160.0,616.19735,769.98395,639.3069499999999,785.6263
118180.0,613.0697,770.9989499999999,637.12685,785.302
118200.0,609.8577,768.1597,635.9634,784.86285
118220.0,608.8014,770.076,634.58295,785.2016
118240.0,608.13515,771.0988500000001,632.8204000000001,786.0280499999999
118260.0,607.14395,772.2301,631.106,786.61175
118280.0,607.4918,772.09265,630.0970500000001,788.1834
118300.0,608.01195,772.8562,629.7646500000001,788.01395
118320.0,608.0264,772.0762,629.51205,787.96375
118340.0,595.5859,717.0927,595.37315,734.3058
118360.0,529.8945,639.10535,531.18525,655.0092
118380.0,472.8311,512.22655,463.7415,525.49275
118400.0,466.3933,558.85835,460.19554999999997,525.06275
118420.0,463.1223,517.17985,457.38280000000003,524.2235000000001
118440.0,460.9706,516.08935,456.02610000000004,523.94605
118460.0,457.1318,517.7132,457.11745,523.0513
118480.0,458.27995,523.6664499999999,453.44975,523.2707
118500.0,455.89125,519.39395,452.82255,523.03105
118520.0,458.6469,539.2575999999999,452.45709999999997,523.6792
118540.0,453.6088,524.82515,452.88025000000005,524.6859000000001
118560.0,453.3074,520.5785,450.71345,524.57485
118580.0,451.2362,516.34245,449.21425,524.20935
118600.0,394.03065,558.9011,369.18985000000004,523.0368
118620.0,218.6601,428.3072,200.7104,476.5188
118640.0,219.2876,430.3965,201.5598,479.4532
118660.0,218.3349,429.8367,200.3042,480.3839
118680.0,218.0491,429.1285,202.5607,482.4458
118700.0,216.2165,426.9639,203.1853,483.0117
118720.0,218.1433,426.4678,202.27,484.6714
118740.0,217.2923,426.2985,201.8651,485.454
118760.0,215.8222,426.231,203.2799,485.6065
118780.0,215.2868,428.0311,202.933,487.0561
118800.0,215.6161,427.9835,205.0644,487.5828
118820.0,260.8896,662.95335,235.749,635.9431500000001
118840.0,248.3723,720.104,217.3245,726.0559000000001
118860.0,214.9601,425.4323,206.8856,487.0471
118880.0,214.7997,425.228,206.8827,487.5189
118900.0,215.1729,425.6647,206.3489,486.366
118920.0,214.5168,426.7522,207.342,485.1787
118940.0,316.7609,486.95645,314.68015,502.50635
118960.0,280.0969,484.37845000000004,279.33655,501.57095000000004
118980.0,263.9681,484.1303,265.31444999999997,496.6563
119000.0,260.8178,485.37154999999996,258.63315,497.7549
119020.0,259.4745,484.8909,257.43575,491.11175000000003
119040.0,257.7225,482.8096,256.67885,489.9643
119060.0,256.85025,481.60069999999996,256.59715,488.3532
119080.0,256.1739,480.3431,255.70035000000001,487.92359999999996
119100.0,409.3923,509.7253,419.0309,483.0798
119120.0,407.7008,497.0112,418.1773,477.1458
119140.0,406.3673,494.453,416.6608,473.1121
119160.0,656.79405,407.62019999999995,680.73595,393.2987
119180.0,655.1136,405.43155,643.39185,392.2436
119200.0,657.1296500000001,395.11699999999996,206.8661,231.40105
119220.0,200.69145,233.67745,643.04935,386.0019
119240.0,200.5739,235.0255,642.83285,381.2753
119260.0,209.68769999999998,299.21116666666666,492.0515666666667,411.8309
119280.0,214.33630000000002,284.5255333333333,506.08093333333335,398.9499666666666
119300.0,216.38513333333333,296.0379,501.0760333333333,400.44250000000005
119320.0,520.6191333333333,391.9981666666667,502.9603666666667,399.0245333333334
119340.0,326.4534,442.27470000000005,316.6086,451.43885
119360.0,252.8501,413.1015,224.5557,450.4098
119380.0,254.5502,410.4445,226.5194,446.8203
119400.0,255.223,408.0791,228.7691,445.2487
119420.0,255.895,408.6317,230.3368,445.7826
119440.0,257.2028,410.8144,232.507,447.6357
119460.0,253.5705,414.7369,229.4359,450.0367
119480.0,245.8834,418.7467,224.5001,454.0395
119500.0,246.4195,419.4163,216.535,458.7571
119520.0,243.1584,421.1031,215.8427,461.5834
119540.0,0.0,0.0,441.1657,137.37905
119560.0,117.8973,211.0127,546.62555,367.5998
119580.0,118.19045,210.8782,544.5416,370.02575
119600.0,229.2668,425.3131,203.6765,468.6854
119620.0,223.01,425.5504,202.9427,469.4985
119640.0,222.8746,426.4524,201.0067,470.2009
119660.0,223.563,427.5481,199.382,471.0761
119680.0,224.7337,426.7952,200.7316,470.9131
119700.0,221.6783,426.0414,201.0499,472.4769
119720.0,218.9128,426.6915,200.4928,472.4252
119740.0,216.9322,428.4137,201.2264,472.5877
119760.0,610.95915,427.83894999999995,595.6984,450.3689
119780.0,106.7969,213.25005,576.18255,443.33254999999997
119800.0,619.39925,427.5318,560.91025,451.62625
119820.0,615.38955,423.89355,559.15165,452.57640000000004
119840.0,73.4309,213.03985,551.22725,453.07225000000005
119860.0,69.71875,213.37985,548.4854,452.6684
119880.0,71.049,213.88705,548.26865,453.79675
119900.0,614.31845,422.22425,546.7489,456.33995000000004
119920.0,612.7475499999999,423.445,547.9186,456.88005
119940.0,69.5305,214.56685,546.3604,456.05724999999995
119960.0,69.45735,214.51725,545.434,456.21410000000003
119980.0,612.00905,421.5048,545.4422500000001,457.7887
120000.0,613.89275,419.0079,544.18675,456.9968
120020.0,76.204,212.5271,548.66625,457.1685
120040.0,75.54235,211.60405,549.7144,457.4747
120060.0,622.72595,417.9884,553.2773,457.78954999999996
120080.0,626.1475,416.33394999999996,554.5212,457.1645
120100.0,166.9991,420.7895,151.6257,473.7269
120120.0,164.8821,421.0884,153.891,472.2438
120140.0,168.7675,421.615,155.532,471.0697
120160.0,170.5538,422.0315,155.995,471.1772
120180.0,172.2993,422.2472,159.1445,470.4885
120200.0,173.6379,421.179,160.1713,471.4808
120220.0,174.8561,421.2758,161.0005,471.5999
120240.0,175.4404,423.0917,160.5733,472.6408
120260.0,174.5365,421.9753,160.9328,472.7859
120280.0,173.1245,422.1577,161.2753,472.0045
120300.0,176.9052,423.6279,160.8455,474.0098
120320.0,176.6651,423.6172,160.3014,475.0355
120340.0,177.367,424.1509,160.6792,475.0083
